season,spieltag,date,time,home_team,away_team,home_goals,away_goals,attendance
2025,1,15/08/2025,19:00:00,Girona FC,Rayo Vallecano,1,3,12403
2025,1,15/08/2025,21:30:00,Villarreal CF,Real Oviedo,2,0,18333
2025,1,16/08/2025,19:30:00,RCD Mallorca,FC Barcelona,0,3,23318
2025,1,16/08/2025,21:30:00,Deportivo Alavés,Levante UD,2,1,12837
2025,1,16/08/2025,21:30:00,Valencia CF,Real Sociedad,1,1,45333
2025,1,17/08/2025,17:00:00,RC Celta,Getafe CF,0,2,20530
2025,1,17/08/2025,19:30:00,Athletic Bilbao,Sevilla FC,3,2,49134
2025,1,17/08/2025,21:30:00,RCD Espanyol,Atlético de Madrid,2,1,29612
2025,1,18/08/2025,21:00:00,Elche CF,Real Betis,1,1,28585
2025,1,19/08/2025,21:00:00,Real Madrid,CA Osasuna,1,0,68407
2025,2,22/08/2025,21:30:00,Real Betis,Deportivo Alavés,1,0,54646
2025,2,23/08/2025,17:00:00,RCD Mallorca,RC Celta,1,1,16274
2025,2,23/08/2025,19:30:00,Atlético de Madrid,Elche CF,1,1,59369
2025,2,23/08/2025,21:30:00,Levante UD,FC Barcelona,2,3,23415
2025,2,24/08/2025,17:00:00,CA Osasuna,Valencia CF,1,0,21226
2025,2,24/08/2025,19:30:00,Villarreal CF,Girona FC,5,0,18195
2025,2,24/08/2025,19:30:00,Real Sociedad,RCD Espanyol,2,2,31616
2025,2,24/08/2025,21:30:00,Real Oviedo,Real Madrid,0,3,29758
2025,2,25/08/2025,19:30:00,Athletic Bilbao,Rayo Vallecano,1,0,48703
2025,2,25/08/2025,21:30:00,Sevilla FC,Getafe CF,1,2,36697
2025,3,29/08/2025,19:30:00,Elche CF,Levante UD,2,0,26936
2025,3,29/08/2025,21:30:00,Valencia CF,Getafe CF,3,0,45449
2025,3,30/08/2025,17:00:00,Deportivo Alavés,Atlético de Madrid,1,1,18042
2025,3,30/08/2025,19:00:00,Real Oviedo,Real Sociedad,1,0,25688
2025,3,30/08/2025,19:30:00,Girona FC,Sevilla FC,0,2,11305
2025,3,30/08/2025,21:30:00,Real Madrid,RCD Mallorca,2,1,72699
2025,3,31/08/2025,17:00:00,RC Celta,Villarreal CF,1,1,20172
2025,3,31/08/2025,19:00:00,Real Betis,Athletic Bilbao,1,2,65222
2025,3,31/08/2025,19:30:00,RCD Espanyol,CA Osasuna,1,0,29780
2025,3,31/08/2025,21:30:00,Rayo Vallecano,FC Barcelona,1,1,14438
2025,4,12/09/2025,21:00:00,Sevilla FC,Elche CF,2,2,37331
2025,4,13/09/2025,14:00:00,Getafe CF,Real Oviedo,2,0,8657
2025,4,13/09/2025,16:15:00,Real Sociedad,Real Madrid,1,2,36958
2025,4,13/09/2025,18:30:00,Athletic Bilbao,Deportivo Alavés,0,1,49136
2025,4,13/09/2025,21:00:00,Atlético de Madrid,Villarreal CF,2,0,63312
2025,4,14/09/2025,14:00:00,RC Celta,Girona FC,1,1,18862
2025,4,14/09/2025,16:15:00,Levante UD,Real Betis,2,2,21938
2025,4,14/09/2025,18:30:00,CA Osasuna,Rayo Vallecano,2,0,20511
2025,4,14/09/2025,21:00:00,FC Barcelona,Valencia CF,6,0,5862
2025,4,15/09/2025,21:00:00,RCD Espanyol,RCD Mallorca,3,2,26082
2025,5,19/09/2025,21:00:00,Real Betis,Real Sociedad,3,1,59773
2025,5,20/09/2025,14:00:00,Girona FC,Levante UD,0,4,11048
2025,5,20/09/2025,16:15:00,Real Madrid,RCD Espanyol,2,0,73466
2025,5,20/09/2025,18:30:00,Deportivo Alavés,Sevilla FC,1,2,17525
2025,5,20/09/2025,18:30:00,Villarreal CF,CA Osasuna,2,1,17542
2025,5,20/09/2025,21:00:00,Valencia CF,Athletic Bilbao,2,0,46004
2025,5,21/09/2025,14:00:00,Rayo Vallecano,RC Celta,1,1,13028
2025,5,21/09/2025,16:15:00,RCD Mallorca,Atlético de Madrid,1,1,21027
2025,5,21/09/2025,18:30:00,Elche CF,Real Oviedo,1,0,27235
2025,5,21/09/2025,21:00:00,FC Barcelona,Getafe CF,3,0,5711
2025,6,27/08/2025,21:00:00,RC Celta,Real Betis,1,1,20302
2025,6,23/09/2025,19:00:00,Athletic Bilbao,Girona FC,1,1,45739
2025,6,23/09/2025,19:00:00,RCD Espanyol,Valencia CF,2,2,26802
2025,6,23/09/2025,21:30:00,Levante UD,Real Madrid,1,4,23361
2025,6,23/09/2025,21:30:00,Sevilla FC,Villarreal CF,1,2,38145
2025,6,24/09/2025,19:00:00,Getafe CF,Deportivo Alavés,1,1,8005
2025,6,24/09/2025,21:30:00,Real Sociedad,RCD Mallorca,1,0,22442
2025,6,24/09/2025,21:30:00,Atlético de Madrid,Rayo Vallecano,3,2,54098
2025,6,25/09/2025,19:30:00,CA Osasuna,Elche CF,1,1,19475
2025,6,25/09/2025,21:30:00,Real Oviedo,FC Barcelona,1,3,29850
2025,7,26/09/2025,21:00:00,Girona FC,RCD Espanyol,0,0,11488
2025,7,27/09/2025,14:00:00,Getafe CF,Levante UD,1,1,7747
2025,7,27/09/2025,16:15:00,Atlético de Madrid,Real Madrid,5,2,69167
2025,7,27/09/2025,18:30:00,RCD Mallorca,Deportivo Alavés,1,0,16275
2025,7,27/09/2025,21:00:00,Villarreal CF,Athletic Bilbao,1,0,18908
2025,7,28/09/2025,14:00:00,Rayo Vallecano,Sevilla FC,0,1,13080
2025,7,28/09/2025,16:15:00,Elche CF,RC Celta,2,1,26708
2025,7,28/09/2025,18:30:00,FC Barcelona,Real Sociedad,2,1,50103
2025,7,28/09/2025,21:00:00,Real Betis,CA Osasuna,2,0,50034
2025,7,30/09/2025,20:00:00,Valencia CF,Real Oviedo,1,2,40364
2025,8,03/10/2025,21:00:00,CA Osasuna,Getafe CF,2,1,19895
2025,8,04/10/2025,14:00:00,Real Oviedo,Levante UD,0,2,23878
2025,8,04/10/2025,16:15:00,Girona FC,Valencia CF,2,1,10867
2025,8,04/10/2025,18:30:00,Athletic Bilbao,RCD Mallorca,2,1,47098
2025,8,04/10/2025,21:00:00,Real Madrid,Villarreal CF,3,1,75216
2025,8,05/10/2025,14:00:00,Deportivo Alavés,Elche CF,3,1,16203
2025,8,05/10/2025,16:15:00,Sevilla FC,FC Barcelona,4,1,41040
2025,8,05/10/2025,18:30:00,RCD Espanyol,Real Betis,1,2,32778
2025,8,05/10/2025,18:30:00,Real Sociedad,Rayo Vallecano,0,1,31189
2025,8,05/10/2025,21:00:00,RC Celta,Atlético de Madrid,1,1,20877
2025,9,17/10/2025,21:00:00,Real Oviedo,RCD Espanyol,0,2,25625
2025,9,18/10/2025,14:00:00,Sevilla FC,RCD Mallorca,1,3,37008
2025,9,18/10/2025,16:15:00,FC Barcelona,Girona FC,2,1,43172
2025,9,18/10/2025,18:30:00,Villarreal CF,Real Betis,2,2,19238
2025,9,18/10/2025,21:00:00,Atlético de Madrid,CA Osasuna,1,0,62884
2025,9,19/10/2025,14:00:00,Elche CF,Athletic Bilbao,0,0,29043
2025,9,19/10/2025,16:15:00,RC Celta,Real Sociedad,1,1,19102
2025,9,19/10/2025,18:30:00,Levante UD,Rayo Vallecano,0,3,20312
2025,9,19/10/2025,21:00:00,Getafe CF,Real Madrid,0,1,10090
2025,9,20/10/2025,21:00:00,Deportivo Alavés,Valencia CF,0,0,15564
2025,10,24/10/2025,21:00:00,Real Sociedad,Sevilla FC,2,1,30965
2025,10,25/10/2025,14:00:00,Girona FC,Real Oviedo,3,3,11120
2025,10,25/10/2025,16:15:00,RCD Espanyol,Elche CF,1,0,30820
2025,10,25/10/2025,18:30:00,Athletic Bilbao,Getafe CF,0,1,47749
2025,10,25/10/2025,21:00:00,Valencia CF,Villarreal CF,0,2,45560
2025,10,26/10/2025,14:00:00,RCD Mallorca,Levante UD,1,1,12964
2025,10,26/10/2025,16:15:00,Real Madrid,FC Barcelona,2,1,78107
2025,10,26/10/2025,18:30:00,CA Osasuna,RC Celta,2,3,20065
2025,10,26/10/2025,21:00:00,Rayo Vallecano,Deportivo Alavés,1,0,11734
2025,10,27/10/2025,21:00:00,Real Betis,Atlético de Madrid,0,2,57537
2025,11,31/10/2025,21:00:00,Getafe CF,Girona FC,2,1,7223
2025,11,01/11/2025,14:00:00,Villarreal CF,Rayo Vallecano,4,0,17022
2025,11,01/11/2025,16:15:00,Atlético de Madrid,Sevilla FC,3,0,66119
2025,11,01/11/2025,18:30:00,Real Sociedad,Athletic Bilbao,3,2,37685
2025,11,01/11/2025,21:00:00,Real Madrid,Valencia CF,4,0,74796
2025,11,02/11/2025,14:00:00,Levante UD,RC Celta,1,2,19513
2025,11,02/11/2025,16:15:00,Deportivo Alavés,RCD Espanyol,2,1,17149
2025,11,02/11/2025,18:30:00,FC Barcelona,Elche CF,3,1,44370
2025,11,02/11/2025,21:00:00,Real Betis,RCD Mallorca,3,0,54747
2025,11,03/11/2025,21:00:00,Real Oviedo,CA Osasuna,0,0,23795
2025,12,07/11/2025,21:00:00,Elche CF,Real Sociedad,1,1,26242
2025,12,08/11/2025,14:00:00,Girona FC,Deportivo Alavés,1,0,10050
2025,12,08/11/2025,16:15:00,Sevilla FC,CA Osasuna,1,0,35169
2025,12,08/11/2025,18:30:00,Atlético de Madrid,Levante UD,3,1,60119
2025,12,08/11/2025,21:00:00,RCD Espanyol,Villarreal CF,0,2,29540
2025,12,09/11/2025,14:00:00,Athletic Bilbao,Real Oviedo,1,0,47209
2025,12,09/11/2025,16:15:00,Rayo Vallecano,Real Madrid,0,0,14468
2025,12,09/11/2025,18:30:00,Valencia CF,Real Betis,1,1,45820
2025,12,09/11/2025,18:30:00,RCD Mallorca,Getafe CF,1,0,17507
2025,12,09/11/2025,21:00:00,RC Celta,FC Barcelona,2,4,21887
2025,13,21/11/2025,21:00:00,Valencia CF,Levante UD,1,0,46302
2025,13,22/11/2025,14:00:00,Deportivo Alavés,RC Celta,0,1,16582
2025,13,22/11/2025,16:15:00,FC Barcelona,Athletic Bilbao,4,0,45157
2025,13,22/11/2025,18:30:00,CA Osasuna,Real Sociedad,1,3,21377
2025,13,22/11/2025,21:00:00,Villarreal CF,RCD Mallorca,2,1,16854
2025,13,23/11/2025,14:00:00,Real Oviedo,Rayo Vallecano,0,0,23684
2025,13,23/11/2025,16:15:00,Real Betis,Girona FC,1,1,64268
2025,13,23/11/2025,18:30:00,Getafe CF,Atlético de Madrid,0,1,9783
2025,13,23/11/2025,21:00:00,Elche CF,Real Madrid,2,2,31024
2025,13,24/11/2025,21:00:00,RCD Espanyol,Sevilla FC,2,1,25166
2025,14,28/11/2025,21:00:00,Getafe CF,Elche CF,1,0,7697
2025,14,29/11/2025,14:00:00,RCD Mallorca,CA Osasuna,2,2,15457
2025,14,29/11/2025,16:15:00,FC Barcelona,Deportivo Alavés,3,1,44834
2025,14,29/11/2025,18:30:00,Levante UD,Athletic Bilbao,0,2,19848
2025,14,29/11/2025,21:00:00,Atlético de Madrid,Real Oviedo,2,0,61305
2025,14,30/11/2025,14:00:00,Real Sociedad,Villarreal CF,2,3,30142
2025,14,30/11/2025,16:15:00,Sevilla FC,Real Betis,0,2,42580
2025,14,30/11/2025,18:30:00,RC Celta,RCD Espanyol,0,1,20031
2025,14,30/11/2025,21:00:00,Girona FC,Real Madrid,1,1,14005
2025,14,01/12/2025,21:00:00,Rayo Vallecano,Valencia CF,1,1,11267
2025,19,02/12/2025,21:00:00,FC Barcelona,Atlético de Madrid,3,1,45205
2025,19,03/12/2025,19:00:00,Athletic Bilbao,Real Madrid,0,3,51313
2025,15,05/12/2025,21:00:00,Real Oviedo,RCD Mallorca,0,0,23333
2025,15,06/12/2025,14:00:00,Villarreal CF,Getafe CF,2,0,17089
2025,15,06/12/2025,16:15:00,Deportivo Alavés,Real Sociedad,1,0,18132
2025,15,06/12/2025,18:30:00,Real Betis,FC Barcelona,3,5,64562
2025,15,06/12/2025,21:00:00,Athletic Bilbao,Atlético de Madrid,1,0,48904
2025,15,07/12/2025,14:00:00,Elche CF,Girona FC,3,0,23374
2025,15,07/12/2025,16:15:00,Valencia CF,Sevilla FC,1,1,44369
2025,15,07/12/2025,18:30:00,RCD Espanyol,Rayo Vallecano,1,0,28110
2025,15,07/12/2025,21:00:00,Real Madrid,RC Celta,0,2,74511
2025,15,08/12/2025,21:00:00,CA Osasuna,Levante UD,2,0,18160
2025,16,12/12/2025,21:00:00,Real Sociedad,Girona FC,1,2,26122
2025,16,13/12/2025,14:00:00,Atlético de Madrid,Valencia CF,2,1,61011
2025,16,13/12/2025,16:15:00,RCD Mallorca,Elche CF,1,1,16199
2025,16,13/12/2025,18:30:00,FC Barcelona,CA Osasuna,2,0,42058
2025,16,13/12/2025,21:00:00,Getafe CF,RCD Espanyol,0,1,7443
2025,16,14/12/2025,14:00:00,Sevilla FC,Real Oviedo,4,0,32885
2025,16,14/12/2025,16:15:00,RC Celta,Athletic Bilbao,2,0,20505
2025,16,14/12/2025,21:00:00,Deportivo Alavés,Real Madrid,1,2,19290
2025,16,15/12/2025,21:00:00,Rayo Vallecano,Real Betis,0,0,11489
2025,17,19/12/2025,21:00:00,Valencia CF,RCD Mallorca,1,1,41179
2025,17,20/12/2025,14:00:00,Real Oviedo,RC Celta,0,0,23613
2025,17,20/12/2025,16:15:00,Levante UD,Real Sociedad,1,1,17346
2025,17,20/12/2025,18:30:00,CA Osasuna,Deportivo Alavés,3,0,20408
2025,17,20/12/2025,21:00:00,Real Madrid,Sevilla FC,2,0,72062
2025,17,21/12/2025,14:00:00,Girona FC,Atlético de Madrid,0,3,12363
2025,17,21/12/2025,16:15:00,Villarreal CF,FC Barcelona,0,1,20701
2025,17,21/12/2025,18:30:00,Elche CF,Rayo Vallecano,4,0,23765
2025,17,21/12/2025,21:00:00,Real Betis,Getafe CF,4,0,54365
2025,17,22/12/2025,21:00:00,Athletic Bilbao,RCD Espanyol,1,2,47856
2025,18,02/01/2026,21:00:00,Rayo Vallecano,Getafe CF,1,1,12544
2025,18,03/01/2026,14:00:00,RC Celta,Valencia CF,4,1,20475
2025,18,03/01/2026,16:15:00,CA Osasuna,Athletic Bilbao,1,0,22010
2025,18,03/01/2026,21:00:00,RCD Espanyol,FC Barcelona,0,2,36283
2025,18,03/01/2026,18:30:00,Elche CF,Villarreal CF,1,3,27078
2025,18,04/01/2026,14:00:00,Sevilla FC,Levante UD,0,3,25303
2025,18,04/01/2026,16:15:00,Real Madrid,Real Betis,2,0,75190
2025,18,04/01/2026,18:30:00,RCD Mallorca,Girona FC,1,2,16011
2025,18,04/01/2026,18:30:00,Deportivo Alavés,Real Oviedo,1,1,17345
2025,18,04/01/2026,21:00:00,Real Sociedad,Atlético de Madrid,1,1,31576
2025,19,09/01/2026,21:00:00,Getafe CF,Real Sociedad,1,2,7497
2025,19,10/01/2026,14:00:00,Real Oviedo,Real Betis,1,1,25549
2025,19,10/01/2026,16:15:00,Villarreal CF,Deportivo Alavés,2,0,17011
2025,19,10/01/2026,18:30:00,Girona FC,CA Osasuna,1,0,12059
2025,19,10/01/2026,21:00:00,Valencia CF,Elche CF,1,1,44949
2025,19,11/01/2026,14:00:00,Rayo Vallecano,RCD Mallorca,2,1,12223
2025,19,11/01/2026,16:15:00,Levante UD,RCD Espanyol,0,1,20501
2025,19,12/01/2026,21:00:00,Sevilla FC,RC Celta,0,1,31383
2025,20,16/01/2026,21:00:00,RCD Espanyol,Girona FC,0,2,28451
2025,20,17/01/2026,14:00:00,Real Madrid,Levante UD,2,0,70104
2025,20,17/01/2026,16:15:00,RCD Mallorca,Athletic Bilbao,2,2,14284
2025,20,17/01/2026,18:30:00,CA Osasuna,Real Oviedo,3,2,20651
2025,20,17/01/2026,21:00:00,Real Betis,Villarreal CF,2,0,60138
2025,20,18/01/2026,14:00:00,Getafe CF,Valencia CF,0,1,8361
2025,20,18/01/2026,16:15:00,Atlético de Madrid,Deportivo Alavés,1,0,61192
2025,20,18/01/2026,18:30:00,RC Celta,Rayo Vallecano,3,0,20835
2025,20,18/01/2026,21:00:00,Real Sociedad,FC Barcelona,2,1,36346
2025,20,19/01/2026,21:00:00,Elche CF,Sevilla FC,2,2,22594
2025,21,23/01/2026,21:00:00,Levante UD,Elche CF,3,2,18973
2025,21,24/01/2026,14:00:00,Rayo Vallecano,CA Osasuna,1,3,12091
2025,21,24/01/2026,16:15:00,Valencia CF,RCD Espanyol,1,0,44163
2025,21,24/01/2026,18:30:00,Sevilla FC,Athletic Bilbao,2,1,34642
2025,21,24/01/2026,21:00:00,Villarreal CF,Real Madrid,0,2,20432
2025,21,25/01/2026,14:00:00,Atlético de Madrid,RCD Mallorca,3,0,55028
2025,21,25/01/2026,16:15:00,FC Barcelona,Real Oviedo,1,0,44763
2025,21,25/01/2026,18:30:00,Real Sociedad,RC Celta,3,1,29682
2025,21,25/01/2026,21:00:00,Deportivo Alavés,Real Betis,2,1,14810
2025,21,26/01/2026,21:00:00,Girona FC,Getafe CF,1,1,11388
2025,22,30/01/2026,21:00:00,RCD Espanyol,Deportivo Alavés,1,2,25881
2025,22,31/01/2026,14:00:00,Real Oviedo,Girona FC,1,0,25085
2025,22,31/01/2026,16:15:00,CA Osasuna,Villarreal CF,2,1,20455
2025,22,31/01/2026,18:30:00,Levante UD,Atlético de Madrid,0,0,20573
2025,22,31/01/2026,21:00:00,Elche CF,FC Barcelona,1,3,31233
2025,22,01/02/2026,14:00:00,Real Madrid,Rayo Vallecano,2,1,71051
2025,22,01/02/2026,16:15:00,Real Betis,Valencia CF,1,1,57523
2025,22,01/02/2026,18:30:00,Getafe CF,RC Celta,0,0,7363
2025,22,01/02/2026,21:00:00,Athletic Bilbao,Real Sociedad,1,1,48020
2025,22,02/02/2026,21:00:00,RCD Mallorca,Sevilla FC,4,1,15621
2025,23,06/02/2026,21:00:00,RC Celta,CA Osasuna,1,2,17805
2025,23,07/02/2026,16:15:00,FC Barcelona,RCD Mallorca,3,0,44301
2025,23,07/02/2026,21:00:00,Real Sociedad,Elche CF,3,1,30187
2025,23,08/02/2026,14:00:00,Deportivo Alavés,Getafe CF,0,2,15960
2025,23,08/02/2026,16:15:00,Sevilla FC,Girona FC,1,1,30384
2025,23,08/02/2026,16:15:00,Athletic Bilbao,Levante UD,4,2,46487
2025,23,08/02/2026,18:30:00,Atlético de Madrid,Real Betis,0,1,65210
2025,23,08/02/2026,21:00:00,Valencia CF,Real Madrid,0,2,47515
2025,23,09/02/2026,21:00:00,Villarreal CF,RCD Espanyol,4,1,16825
2025,24,13/02/2026,21:00:00,Elche CF,CA Osasuna,0,0,21253
2025,24,14/02/2026,14:00:00,RCD Espanyol,RC Celta,2,2,27368
2025,24,14/02/2026,16:15:00,Getafe CF,Villarreal CF,2,0,7551
2025,24,14/02/2026,18:30:00,Sevilla FC,Deportivo Alavés,1,1,32846
2025,24,14/02/2026,21:00:00,Real Madrid,Real Sociedad,4,1,74176
2025,24,15/02/2026,14:00:00,Real Oviedo,Athletic Bilbao,1,2,25255
2025,24,15/02/2026,16:15:00,Rayo Vallecano,Atlético de Madrid,2,0,5335
2025,24,15/02/2026,18:30:00,Levante UD,Valencia CF,0,2,22967
2025,24,15/02/2026,21:00:00,RCD Mallorca,Real Betis,1,2,18658
2025,24,16/02/2026,21:00:00,Girona FC,FC Barcelona,2,1,14043
2025,16,18/02/2026,20:00:00,Levante UD,Villarreal CF,0,1,18153
2025,25,20/02/2026,21:00:00,Athletic Bilbao,Elche CF,2,1,46654
2025,25,21/02/2026,14:00:00,Real Sociedad,Real Oviedo,3,3,30917
2025,25,21/02/2026,16:15:00,Real Betis,Rayo Vallecano,1,1,59436
2025,25,21/02/2026,18:30:00,CA Osasuna,Real Madrid,2,1,22480
2025,25,21/02/2026,21:00:00,Atlético de Madrid,RCD Espanyol,4,2,56412
2025,25,22/02/2026,14:00:00,Getafe CF,Sevilla FC,0,1,8814
2025,25,22/02/2026,16:15:00,FC Barcelona,Levante UD,2,0,44936
2025,25,22/02/2026,18:30:00,RC Celta,RCD Mallorca,2,0,19689
2025,25,22/02/2026,21:00:00,Villarreal CF,Valencia CF,2,1,19233
2025,25,23/02/2026,21:00:00,Deportivo Alavés,Girona FC,2,2,14117
2025,26,27/02/2026,21:00:00,Levante UD,Deportivo Alavés,2,0,17880
2025,26,28/02/2026,14:00:00,Rayo Vallecano,Athletic Bilbao,1,1,13512
2025,26,28/02/2026,16:15:00,FC Barcelona,Villarreal CF,2,1,44256
2025,26,28/02/2026,18:30:00,RCD Mallorca,Real Sociedad,0,1,17120
2025,26,28/02/2026,21:00:00,Real Oviedo,Atlético de Madrid,0,1,27067
2025,26,01/03/2026,14:00:00,Elche CF,RCD Espanyol,2,2,25028
2025,26,01/03/2026,16:15:00,Valencia CF,CA Osasuna,0,0,44415
2025,26,01/03/2026,18:30:00,Real Betis,Sevilla FC,2,2,67447
2025,26,01/03/2026,21:00:00,Girona FC,RC Celta,1,2,11371
2025,26,02/03/2026,21:00:00,Real Madrid,Getafe CF,0,1,65104
2025,23,04/03/2026,19:00:00,Rayo Vallecano,Real Oviedo,3,0,11886
2025,27,06/03/2026,21:00:00,RC Celta,Real Madrid,1,2,22048
2025,27,07/03/2026,14:00:00,CA Osasuna,RCD Mallorca,2,2,19746
2025,27,07/03/2026,16:15:00,Levante UD,Girona FC,1,0,18542
2025,27,07/03/2026,18:30:00,Atlético de Madrid,Real Sociedad,3,2,60788
2025,27,07/03/2026,21:00:00,Athletic Bilbao,FC Barcelona,0,1,50629
2025,27,08/03/2026,14:00:00,Villarreal CF,Elche CF,2,1,16301
2025,27,08/03/2026,16:15:00,Getafe CF,Real Betis,2,0,8757
2025,27,08/03/2026,18:30:00,Sevilla FC,Rayo Vallecano,1,1,37178
2025,27,08/03/2026,21:00:00,Valencia CF,Deportivo Alavés,3,2,41512
2025,27,09/03/2026,21:00:00,RCD Espanyol,Real Oviedo,1,1,24807
2025,28,13/03/2026,21:00:00,Deportivo Alavés,Villarreal CF,1,1,16215
2025,28,14/03/2026,14:00:00,Girona FC,Athletic Bilbao,3,0,8811
2025,28,14/03/2026,16:15:00,Atlético de Madrid,Getafe CF,1,0,58893
2025,28,14/03/2026,18:30:00,Real Oviedo,Valencia CF,1,0,22826
2025,28,14/03/2026,21:00:00,Real Madrid,Elche CF,4,1,71048
2025,28,15/03/2026,14:00:00,RCD Mallorca,RCD Espanyol,2,1,17879
2025,28,15/03/2026,16:15:00,FC Barcelona,Sevilla FC,4,1,56483
2025,28,15/03/2026,18:30:00,Real Betis,RC Celta,1,1,58689
2025,28,15/03/2026,21:00:00,Real Sociedad,CA Osasuna,3,1,30856
2025,28,16/03/2026,21:00:00,Rayo Vallecano,Levante UD,1,1,10975
2025,29,20/03/2026,21:00:00,Villarreal CF,Real Sociedad,3,1,18032
2025,29,21/03/2026,14:00:00,Elche CF,RCD Mallorca,2,1,25462
2025,29,21/03/2026,16:15:00,RCD Espanyol,Getafe CF,0,2,27577
2025,29,21/03/2026,18:30:00,CA Osasuna,Girona FC,1,0,20975
2025,29,21/03/2026,18:30:00,Levante UD,Real Oviedo,4,2,19398
2025,29,21/03/2026,21:00:00,Sevilla FC,Valencia CF,0,2,35031
2025,29,22/03/2026,14:00:00,FC Barcelona,Rayo Vallecano,1,0,56812
2025,29,22/03/2026,16:15:00,RC Celta,Deportivo Alavés,3,2,20260
2025,29,22/03/2026,18:30:00,Athletic Bilbao,Real Betis,2,1,47723
2025,29,22/03/2026,21:00:00,Real Madrid,Atlético de Madrid,3,2,77964
2025,30,03/04/2026,21:00:00,Rayo Vallecano,Elche CF,1,0,11182
2025,30,04/04/2026,14:00:00,Real Sociedad,Levante UD,2,0,27000
2025,30,04/04/2026,16:15:00,RCD Mallorca,Real Madrid,2,1,23015
2025,30,04/04/2026,18:30:00,Real Betis,RCD Espanyol,0,0,54444
2025,30,04/04/2026,21:00:00,Atlético de Madrid,FC Barcelona,1,2,67710
2025,30,05/04/2026,14:00:00,Getafe CF,Athletic Bilbao,2,0,7749
2025,30,05/04/2026,16:15:00,Valencia CF,RC Celta,2,3,43764
2025,30,05/04/2026,18:30:00,Real Oviedo,Sevilla FC,0,0,24921
2025,30,05/04/2026,21:00:00,Deportivo Alavés,CA Osasuna,2,2,17736
2025,30,06/04/2026,21:00:00,Girona FC,Villarreal CF,1,0,12008
2025,31,10/04/2026,21:00:00,Real Madrid,Girona FC,1,1,70885
2025,31,11/04/2026,14:00:00,Real Sociedad,Deportivo Alavés,3,3,31024
2025,31,11/04/2026,16:15:00,Elche CF,Valencia CF,1,0,27795
2025,31,11/04/2026,18:30:00,FC Barcelona,RCD Espanyol,0,0,60736
2025,31,11/04/2026,21:00:00,Sevilla FC,Atlético de Madrid,2,1,29723
2025,31,12/04/2026,14:00:00,CA Osasuna,Real Betis,1,1,20080
2025,31,12/04/2026,16:15:00,RCD Mallorca,Rayo Vallecano,3,0,16323
2025,31,12/04/2026,18:30:00,RC Celta,Real Oviedo,0,1,20360
2025,31,12/04/2026,21:00:00,Athletic Bilbao,Villarreal CF,1,2,42891
2025,31,13/04/2026,21:00:00,Levante UD,Getafe CF,1,0,18155
2025,32,24/04/2026,21:00:00,Real Betis,Real Madrid,1,1,54348
2025,33,21/04/2026,19:00:00,Athletic Bilbao,CA Osasuna,1,0,47500
2025,33,21/04/2026,19:00:00,RCD Mallorca,Valencia CF,1,1,20103
2025,33,21/04/2026,21:30:00,Real Madrid,Deportivo Alavés,2,1,61468
2025,33,21/04/2026,21:30:00,Girona FC,Real Betis,2,3,11934
2025,33,22/04/2026,19:00:00,Elche CF,Atlético de Madrid,3,2,27587
2025,33,22/04/2026,20:00:00,Real Sociedad,Getafe CF,0,1,31464
2025,33,22/04/2026,21:30:00,FC Barcelona,RC Celta,1,0,59034
2025,33,23/04/2026,19:00:00,Levante UD,Sevilla FC,2,0,20210
2025,33,23/04/2026,20:00:00,Rayo Vallecano,RCD Espanyol,1,0,11605
2025,33,23/04/2026,21:30:00,Real Oviedo,Villarreal CF,1,1,27092
2025,32,25/04/2026,14:00:00,Deportivo Alavés,RCD Mallorca,2,1,16167
2025,32,25/04/2026,16:15:00,Getafe CF,FC Barcelona,0,2,9487
2025,32,25/04/2026,18:30:00,Valencia CF,Girona FC,0,0,44394
2025,32,25/04/2026,21:00:00,Atlético de Madrid,Athletic Bilbao,3,2,56598
2025,32,26/04/2026,14:00:00,Rayo Vallecano,Real Sociedad,3,3,12845
2025,32,26/04/2026,16:15:00,Real Oviedo,Elche CF,1,2,25615
2025,32,26/04/2026,18:30:00,CA Osasuna,Sevilla FC,0,0,20541
2025,32,26/04/2026,21:00:00,Villarreal CF,RC Celta,2,1,16895
2025,32,27/04/2026,21:00:00,RCD Espanyol,Levante UD,0,0,25526
2025,34,01/05/2026,21:00:00,Girona FC,RCD Mallorca,0,1,13886
2025,34,02/05/2026,14:00:00,Villarreal CF,Levante UD,5,1,17169
2025,34,02/05/2026,16:15:00,Valencia CF,Atlético de Madrid,0,2,45889
2025,34,02/05/2026,18:30:00,Deportivo Alavés,Athletic Bilbao,1,0,19125
2025,34,02/05/2026,21:00:00,CA Osasuna,FC Barcelona,1,2,22745